{"cameraMode":{"drawMode":0,"name":"Shaded","section":"Shading Mode"},"sceneLighting":false,"audioPlay":false,"sceneViewState":{"showFog":true,"showMaterialUpdate":false,"showSkybox":false,"showFlares":true,"showImageEffects":true,"showParticleSystems":true},"in2DMode":false,"pivot":{"x":7.450580596923828e-9,"y":-0.016962110996246339,"z":0.16244792938232423},"rotation":{"x":0.05199946090579033,"y":-0.3483821451663971,"z":0.019348906353116037,"w":0.9357417821884155},"size":1.1955854892730713,"orthographic":false}